num,ang1,ang2,ang3,ang4,ang5,ang6,ang7,ang8,label
1,177.096508,176.7435667,172.0568641,160.1046936,91.39829994,88.71576941,178.8678784,173.4545878,arm_stretch_up
2,87.07927848,158.02643,74.9709827,179.849378,97.24217569,86.65131229,164.5461397,171.7717053,arm_stretch_up
3,170.1110375,165.6059054,143.0825123,174.3143236,112.8666015,87.10344407,179.1709667,178.7756334,arm_stretch_up
4,118.6565893,173.9283182,99.04070492,160.0678095,85.74030865,83.83003873,176.1846894,167.8836871,arm_stretch_up
5,167.4392839,166.935871,178.8925272,168.5194276,78.98921111,101.1162237,55.53476012,72.24312819,arm_stretch_up
6,174.8038244,172.9684502,153.9022696,153.9765674,89.39846024,92.93567345,178.434891,177.6386253,arm_stretch_up
7,178.7703016,174.4102641,170.6419433,174.577838,85.47977674,88.46265731,179.6463268,175.6230017,arm_stretch_up
8,177.8386804,177.1024455,165.5342578,164.7393948,103.3673766,102.1524567,174.4737997,178.5984097,arm_stretch_up
9,173.1110082,175.4775013,171.2263815,169.3803447,96.38948549,96.39957662,177.5853779,178.8717651,arm_stretch_up
10,178.5845399,176.0296536,151.4319885,166.1251527,91.45041945,87.25835288,177.8753911,177.206478,arm_stretch_up
11,177.9877733,179.1804791,174.132975,166.4065801,88.88384823,90.91059798,177.3893111,177.0586399,arm_stretch_up
12,173.011855,168.885604,154.1699185,149.0822457,85.44572076,89.74484977,179.225406,178.450635,arm_stretch_up
13,140.7934283,175.485397,112.6717107,159.3234758,146.5687018,101.0606852,109.9088169,35.00102952,arm_stretch_up
14,173.8066118,176.2590499,140.0648007,152.347227,97.53083611,84.01512419,97.2885721,158.4023717,arm_stretch_up
15,169.7415841,177.2035864,152.4877588,170.9672343,89.90689529,88.39708995,171.5264815,170.9693217,arm_stretch_up
16,165.8717789,173.2960953,132.0860662,153.428734,104.6875398,87.39635008,169.58586,179.3214321,arm_stretch_up
17,169.4119373,178.8750746,151.5166134,169.0189571,96.27595381,96.12476612,173.5049247,176.5484233,arm_stretch_up
18,178.3006076,174.0393903,169.6615877,167.9467076,101.7436423,86.29508901,169.4279746,179.484957,arm_stretch_up
19,179.3456191,164.9146539,173.0882997,179.7627761,99.79619314,84.53553287,178.1956006,176.4508148,arm_stretch_up
20,179.7612396,172.4796438,171.298756,167.629757,85.52359539,99.2605822,175.8283895,177.9504818,arm_stretch_up
21,177.3993032,168.9185218,166.7387702,177.617155,93.57911943,90.9959959,179.5988233,177.3410882,arm_stretch_up
22,177.8957624,168.5198296,169.3407503,174.2615907,110.3607637,80.38669838,168.1125087,173.3928556,arm_stretch_up
23,175.64872,175.242356,167.9953964,171.8995538,94.80097603,89.54417121,177.7341489,173.289089,arm_stretch_up
24,165.4833319,178.780951,150.4886968,158.2690354,111.3870006,70.11962342,152.7210054,165.817595,arm_stretch_up
25,177.1042645,179.9428756,157.6322563,163.7381901,99.50039249,91.20152841,172.8765018,178.2519585,arm_stretch_up
26,177.2955957,170.1851017,157.7976892,169.7419043,94.25383644,82.99453034,178.2611978,173.5055205,arm_stretch_up
27,178.2845518,176.3193778,173.9445218,169.6951535,96.93693777,99.05986896,176.9106318,179.3564953,arm_stretch_up
28,175.3258363,177.0628329,153.4349488,146.9780199,91.21088617,92.73327789,174.6245418,171.6919542,arm_stretch_up
29,176.8697921,170.9662362,169.7044805,173.0054821,96.4416001,98.94945808,176.3375668,172.8039468,arm_stretch_up
30,176.9748689,176.9517137,177.0961811,163.0121968,105.4262142,103.2052349,178.72697,174.4317625,arm_stretch_up
31,174.7709792,171.9687483,171.8576889,178.4741014,92.18178457,98.63132982,177.8363355,177.7399819,arm_stretch_up
32,179.4066894,171.5281825,152.4057003,150.0827102,100.8501046,95.19442891,174.8604885,177.9951953,arm_stretch_up
33,179.2784426,169.6314627,166.1922254,174.6864868,84.96155507,88.82187132,179.3244731,178.7787269,arm_stretch_up
34,169.5764903,170.6676737,164.2944521,178.5975586,91.13218028,84.66965296,179.1161558,178.2909952,arm_stretch_up
35,176.4605473,178.0148572,154.6423901,160.7625942,91.6066283,89.86240412,179.3077399,179.4123716,arm_stretch_up
36,169.1217013,177.5808106,150.0736121,156.1855285,95.19489765,94.81787588,179.521772,178.9139112,arm_stretch_up
37,170.625943,174.3205541,157.1209677,169.8349429,89.25429216,82.84963945,175.3865696,178.5660278,arm_stretch_up
38,178.05375,172.5270158,170.4612689,170.5435487,94.75108234,95.134356,178.3473378,179.9141315,arm_stretch_up
39,179.4733483,179.2418183,161.4170004,163.9575749,95.71059314,92.52241228,179.1063222,178.5314992,arm_stretch_up
40,173.9031361,178.6943115,156.4747393,162.4917563,95.96527049,99.77627532,176.3507953,178.4565403,arm_stretch_up
41,178.5018624,177.8536885,161.1521595,158.455771,99.83356396,97.73045533,179.5564234,177.1645821,arm_stretch_up
42,179.9161467,178.0544872,161.7127647,168.4336653,99.05997211,97.65642772,178.2411362,178.9440369,arm_stretch_up
43,179.9715267,167.2007349,175.1195668,173.2236187,93.5535557,91.99134131,176.9235006,176.4892675,arm_stretch_up
44,170.8512346,173.7042284,139.4604107,157.5283767,88.5565673,90.87188614,177.1986678,179.4414526,arm_stretch_up
45,172.4116354,174.7874689,165.0838238,166.7215079,94.08470525,91.12181182,179.8741159,177.8185682,arm_stretch_up
46,174.7424505,175.6270687,179.2268131,175.6012946,86.48417369,88.4633202,178.6987743,179.0838305,arm_stretch_up
1,144.3178917,162.0914384,156.3759039,137.1236123,108.3437774,79.30537572,179.0876007,175.0619617,arm_stretch_upper_right
2,144.8070623,145.2254833,164.9825646,151.7584054,106.1986904,77.30241886,179.6155602,174.8711996,arm_stretch_upper_right
3,156.1744167,164.8377052,176.4278558,143.1291709,105.339631,71.4248188,171.2258033,179.8276781,arm_stretch_upper_right
4,158.485442,170.6301324,172.902186,140.2976304,100.8257028,78.41644222,175.8130041,179.0516643,arm_stretch_upper_right
5,166.1449455,177.7722984,160.4609974,159.2792685,107.8312443,79.91168563,177.0210697,172.0399616,arm_stretch_upper_right
6,165.7953935,173.2295207,167.5208573,160.7660642,97.51526021,90.24575929,175.6645699,176.048776,arm_stretch_upper_right
7,150.9134003,168.0030011,153.0102217,147.9758272,114.7110926,79.89703382,172.3522769,173.2847648,arm_stretch_upper_right
8,150.3761991,163.4044867,139.7427386,148.9130331,105.3515012,89.29188597,171.7802675,171.4176425,arm_stretch_upper_right
9,166.5995122,173.6553546,173.4838332,144.329268,105.7499225,88.65947654,170.0533649,178.3271559,arm_stretch_upper_right
10,144.9055004,156.3523697,138.6677881,157.2845797,101.825738,93.21510371,164.0444981,178.9044571,arm_stretch_upper_right
11,161.139267,167.433565,146.6396506,153.5183941,96.1912778,84.38132743,165.1823248,170.3172373,arm_stretch_upper_right
12,137.3982119,165.1878811,146.3766071,130.9566348,94.55467065,84.4492116,173.7377802,168.0095369,arm_stretch_upper_right
13,156.4816555,162.1121528,140.0342251,154.1841037,92.06230716,79.57820302,135.3561955,123.4032775,arm_stretch_upper_right
14,162.4605491,163.2869694,158.2405544,150.1769237,141.2672881,58.56754446,95.96301877,56.14241506,arm_stretch_upper_right
15,160.7084129,164.5167938,113.5629133,157.6953403,157.9755544,5.034615213,148.5327399,111.0718803,arm_stretch_upper_right
16,137.4545544,163.4801099,126.4802534,84.93742255,138.4766676,80.6843504,172.4707783,39.62299504,arm_stretch_upper_right
17,136.8542998,167.8496108,117.2489975,136.0960977,91.5573988,67.78639777,119.0414214,74.01936992,arm_stretch_upper_right
18,160.1650614,166.6056992,138.8796356,157.9352927,96.53752027,78.34254381,177.3639343,174.9796841,arm_stretch_upper_right
19,147.3277707,144.2792969,154.1705441,170.6321699,95.32313295,77.23409888,179.5854213,178.4925642,arm_stretch_upper_right
20,161.211378,179.4090221,162.2161116,148.227257,101.6915595,86.98376779,175.8002375,179.8157698,arm_stretch_upper_right
21,160.1018581,145.4736112,176.3635247,164.3394934,112.2361761,72.49913873,176.2679344,176.3570764,arm_stretch_upper_right
22,145.3178917,163.0914384,157.3759039,138.1236123,109.3437774,80.30537572,180.0876007,176.0619617,arm_stretch_upper_right
23,145.8070623,146.2254833,165.9825646,152.7584054,107.1986904,78.30241886,180.6155602,175.8711996,arm_stretch_upper_right
24,157.1744167,165.8377052,177.4278558,144.1291709,106.339631,72.4248188,172.2258033,180.8276781,arm_stretch_upper_right
25,159.485442,171.6301324,173.902186,141.2976304,101.8257028,79.41644222,176.8130041,180.0516643,arm_stretch_upper_right
26,167.1449455,178.7722984,161.4609974,160.2792685,108.8312443,80.91168563,178.0210697,173.0399616,arm_stretch_upper_right
27,166.7953935,174.2295207,168.5208573,161.7660642,98.51526021,91.24575929,176.6645699,177.048776,arm_stretch_upper_right
28,151.9134003,169.0030011,154.0102217,148.9758272,115.7110926,80.89703382,173.3522769,174.2847648,arm_stretch_upper_right
29,151.3761991,164.4044867,140.7427386,149.9130331,106.3515012,90.29188597,172.7802675,172.4176425,arm_stretch_upper_right
30,167.5995122,174.6553546,174.4838332,145.329268,106.7499225,89.65947654,171.0533649,179.3271559,arm_stretch_upper_right
31,145.9055004,157.3523697,139.6677881,158.2845797,102.825738,94.21510371,165.0444981,179.9044571,arm_stretch_upper_right
32,162.139267,168.433565,147.6396506,154.5183941,97.1912778,85.38132743,166.1823248,171.3172373,arm_stretch_upper_right
33,138.3982119,166.1878811,147.3766071,131.9566348,95.55467065,85.4492116,174.7377802,169.0095369,arm_stretch_upper_right
34,157.4816555,163.1121528,141.0342251,155.1841037,93.06230716,80.57820302,136.3561955,124.4032775,arm_stretch_upper_right
35,163.4605491,164.2869694,159.2405544,151.1769237,142.2672881,59.56754446,96.96301877,57.14241506,arm_stretch_upper_right
36,161.7084129,165.5167938,114.5629133,158.6953403,158.9755544,6.034615213,149.5327399,112.0718803,arm_stretch_upper_right
37,138.4545544,164.4801099,127.4802534,85.93742255,139.4766676,81.6843504,173.4707783,40.62299504,arm_stretch_upper_right
38,137.8542998,168.8496108,118.2489975,137.0960977,92.5573988,68.78639777,120.0414214,75.01936992,arm_stretch_upper_right
39,161.1650614,167.6056992,139.8796356,158.9352927,97.53752027,79.34254381,178.3639343,175.9796841,arm_stretch_upper_right
40,148.3277707,145.2792969,155.1705441,171.6321699,96.32313295,78.23409888,180.5854213,179.4925642,arm_stretch_upper_right
41,162.211378,180.4090221,163.2161116,149.227257,102.6915595,87.98376779,176.8002375,180.8157698,arm_stretch_upper_right
42,161.1018581,146.4736112,177.3635247,165.3394934,113.2361761,73.49913873,177.2679344,177.3570764,arm_stretch_upper_right
1,162.0914384,144.3178917,137.1236123,156.3759039,79.30537572,108.3437774,175.0619617,179.0876007,arm_stretch_upper_left
2,145.2254833,144.8070623,151.7584054,164.9825646,77.30241886,106.1986904,174.8711996,179.6155602,arm_stretch_upper_left
3,164.8377052,156.1744167,143.1291709,176.4278558,71.4248188,105.339631,179.8276781,171.2258033,arm_stretch_upper_left
4,170.6301324,158.485442,140.2976304,172.902186,78.41644222,100.8257028,179.0516643,175.8130041,arm_stretch_upper_left
5,177.7722984,166.1449455,159.2792685,160.4609974,79.91168563,107.8312443,172.0399616,177.0210697,arm_stretch_upper_left
6,173.2295207,165.7953935,160.7660642,167.5208573,90.24575929,97.51526021,176.048776,175.6645699,arm_stretch_upper_left
7,168.0030011,150.9134003,147.9758272,153.0102217,79.89703382,114.7110926,173.2847648,172.3522769,arm_stretch_upper_left
8,163.4044867,150.3761991,148.9130331,139.7427386,89.29188597,105.3515012,171.4176425,171.7802675,arm_stretch_upper_left
9,173.6553546,166.5995122,144.329268,173.4838332,88.65947654,105.7499225,178.3271559,170.0533649,arm_stretch_upper_left
10,156.3523697,144.9055004,157.2845797,138.6677881,93.21510371,101.825738,178.9044571,164.0444981,arm_stretch_upper_left
11,167.433565,161.139267,153.5183941,146.6396506,84.38132743,96.1912778,170.3172373,165.1823248,arm_stretch_upper_left
12,165.1878811,137.3982119,130.9566348,146.3766071,84.4492116,94.55467065,168.0095369,173.7377802,arm_stretch_upper_left
13,162.1121528,156.4816555,154.1841037,140.0342251,79.57820302,92.06230716,123.4032775,135.3561955,arm_stretch_upper_left
14,163.2869694,162.4605491,150.1769237,158.2405544,58.56754446,141.2672881,56.14241506,95.96301877,arm_stretch_upper_left
15,164.5167938,160.7084129,157.6953403,113.5629133,5.034615213,157.9755544,111.0718803,148.5327399,arm_stretch_upper_left
16,163.4801099,137.4545544,84.93742255,126.4802534,80.6843504,138.4766676,39.62299504,172.4707783,arm_stretch_upper_left
17,167.8496108,136.8542998,136.0960977,117.2489975,67.78639777,91.5573988,74.01936992,119.0414214,arm_stretch_upper_left
18,166.6056992,160.1650614,157.9352927,138.8796356,78.34254381,96.53752027,174.9796841,177.3639343,arm_stretch_upper_left
19,144.2792969,147.3277707,170.6321699,154.1705441,77.23409888,95.32313295,178.4925642,179.5854213,arm_stretch_upper_left
20,179.4090221,161.211378,148.227257,162.2161116,86.98376779,101.6915595,179.8157698,175.8002375,arm_stretch_upper_left
21,145.4736112,160.1018581,164.3394934,176.3635247,72.49913873,112.2361761,176.3570764,176.2679344,arm_stretch_upper_left
22,163.0914384,145.3178917,138.1236123,157.3759039,80.30537572,109.3437774,176.0619617,180.0876007,arm_stretch_upper_left
23,146.2254833,145.8070623,152.7584054,165.9825646,78.30241886,107.1986904,175.8711996,180.6155602,arm_stretch_upper_left
24,165.8377052,157.1744167,144.1291709,177.4278558,72.4248188,106.339631,180.8276781,172.2258033,arm_stretch_upper_left
25,171.6301324,159.485442,141.2976304,173.902186,79.41644222,101.8257028,180.0516643,176.8130041,arm_stretch_upper_left
26,178.7722984,167.1449455,160.2792685,161.4609974,80.91168563,108.8312443,173.0399616,178.0210697,arm_stretch_upper_left
27,174.2295207,166.7953935,161.7660642,168.5208573,91.24575929,98.51526021,177.048776,176.6645699,arm_stretch_upper_left
28,169.0030011,151.9134003,148.9758272,154.0102217,80.89703382,115.7110926,174.2847648,173.3522769,arm_stretch_upper_left
29,164.4044867,151.3761991,149.9130331,140.7427386,90.29188597,106.3515012,172.4176425,172.7802675,arm_stretch_upper_left
30,174.6553546,167.5995122,145.329268,174.4838332,89.65947654,106.7499225,179.3271559,171.0533649,arm_stretch_upper_left
31,157.3523697,145.9055004,158.2845797,139.6677881,94.21510371,102.825738,179.9044571,165.0444981,arm_stretch_upper_left
32,168.433565,162.139267,154.5183941,147.6396506,85.38132743,97.1912778,171.3172373,166.1823248,arm_stretch_upper_left
33,166.1878811,138.3982119,131.9566348,147.3766071,85.4492116,95.55467065,169.0095369,174.7377802,arm_stretch_upper_left
34,163.1121528,157.4816555,155.1841037,141.0342251,80.57820302,93.06230716,124.4032775,136.3561955,arm_stretch_upper_left
35,164.2869694,163.4605491,151.1769237,159.2405544,59.56754446,142.2672881,57.14241506,96.96301877,arm_stretch_upper_left
36,165.5167938,161.7084129,158.6953403,114.5629133,6.034615213,158.9755544,112.0718803,149.5327399,arm_stretch_upper_left
37,164.4801099,138.4545544,85.93742255,127.4802534,81.6843504,139.4766676,40.62299504,173.4707783,arm_stretch_upper_left
38,168.8496108,137.8542998,137.0960977,118.2489975,68.78639777,92.5573988,75.01936992,120.0414214,arm_stretch_upper_left
39,167.6056992,161.1650614,158.9352927,139.8796356,79.34254381,97.53752027,175.9796841,178.3639343,arm_stretch_upper_left
40,145.2792969,148.3277707,171.6321699,155.1705441,78.23409888,96.32313295,179.4925642,180.5854213,arm_stretch_upper_left
41,180.4090221,162.211378,149.227257,163.2161116,87.98376779,102.6915595,180.8157698,176.8002375,arm_stretch_upper_left
42,146.4736112,161.1018581,165.3394934,177.3635247,73.49913873,113.2361761,177.3570764,177.2679344,arm_stretch_upper_left
1,144.4007272,136.8329312,168.8760158,163.6366764,88.84063109,94.25272687,176.0674051,174.9299605,hurray
2,158.5525862,151.2247657,172.9484986,159.9687185,89.9962298,92.30914936,177.2126705,174.978539,hurray
3,159.5012639,154.8616904,175.4573721,169.6632027,87.98058333,87.48718206,179.9741911,173.7312429,hurray
4,160.3902628,155.957034,174.4313115,171.0933999,85.88016266,90.24027826,178.7687842,175.7178241,hurray
5,154.5929836,146.1565863,165.8378319,153.0815236,93.05365511,94.08723771,176.4876497,175.03159,hurray
6,153.7188174,144.5212219,167.3205352,150.3845011,90.37730484,97.189482,176.0669543,175.8153692,hurray
7,146.9207493,158.3513666,170.6402458,179.7270449,93.81407483,89.1449026,165.6684794,167.8928602,hurray
8,149.9705644,156.0472338,173.1405173,176.6444897,98.95931164,89.15743455,163.2538845,177.2720958,hurray
9,133.5776709,127.2665398,179.3241965,174.8603156,93.12400754,90.39121334,169.5940305,177.6759401,hurray
10,153.0460312,161.3306167,162.8349368,179.2847585,105.3839658,81.40732941,162.7299187,179.5608169,hurray
11,120.4788874,157.8604237,174.2428164,169.8339842,136.9329971,113.8243798,154.8817673,15.65076492,hurray
12,133.2091726,133.971809,165.0051359,172.3629073,130.7654169,72.77311539,40.05273019,87.69434873,hurray
13,152.9751567,147.7348916,163.2996917,167.0968699,173.8014509,99.24969924,56.59741716,16.66930655,hurray
14,141.3401917,146.0153933,171.1813486,166.8555138,146.9825342,18.76795958,170.2281871,63.35134775,hurray
15,126.4709998,152.4071336,174.9163162,174.147805,144.5540511,124.1170254,177.4139671,174.4431629,hurray
16,129.4367964,147.6942784,170.941189,168.5541509,147.6491609,4.161038398,168.4232015,64.7148553,hurray
17,153.301326,157.9139731,175.8585853,177.0132157,86.8045622,89.78044196,177.1367744,178.1535427,hurray
18,150.9306116,156.4641991,179.6758965,179.6438141,86.3186134,99.67070399,168.9167775,177.7469633,hurray
19,151.397548,151.2274143,174.9795036,175.7913089,83.57683731,96.75192879,176.2991263,176.7589846,hurray
1,78.69601819,93.96767363,174.3025692,175.395466,145.4909172,99.35285938,81.94061282,179.4914851,raise_right_leg
2,82.67905217,97.56442369,179.8227089,175.023793,143.9518941,98.00079104,80.12722758,177.6988572,raise_right_leg
3,81.38711612,99.96387456,171.1405072,176.1551617,158.6806619,99.38090317,79.11589423,170.5376778,raise_right_leg
4,81.7690249,101.1798333,171.5317309,174.6105107,158.4485938,101.0634572,78.65202075,175.0885459,raise_right_leg
5,66.31032673,91.95470661,177.7695846,179.2773432,127.7518242,98.76186211,115.8551525,173.3377739,raise_right_leg
6,70.57998282,100.0776908,178.8920674,175.3217353,124.2299163,96.82054813,89.34662649,175.5884749,raise_right_leg
7,104.7919651,98.12809888,179.2272419,178.9628923,137.934998,92.82598411,102.2335242,169.0514395,raise_right_leg
8,100.4849227,97.84996271,179.9271004,178.9714483,144.7821634,88.96008791,96.97718718,170.9907636,raise_right_leg
9,101.0705571,100.2752643,179.6044485,177.6765931,143.8089694,87.20379793,99.53433805,171.1592037,raise_right_leg
10,100.3984245,107.844516,178.96482,178.1853582,138.011113,88.12008928,97.53416718,175.4413276,raise_right_leg
11,99.70198421,105.1720846,178.9407965,177.0177131,129.2032123,91.2223275,123.0600377,170.3969717,raise_right_leg
12,97.9096706,101.4638527,171.6878483,172.1273943,154.0907546,91.23910986,103.3145101,176.6043751,raise_right_leg
13,103.6502225,103.1603668,179.4059742,169.7122075,151.5553233,89.73585701,134.7663561,174.8950589,raise_right_leg
14,107.3755984,107.3341083,173.5562093,172.4140463,157.8947835,71.22809114,122.3938285,167.884234,raise_right_leg
15,98.20873237,105.7287982,176.2309873,177.6529965,133.4280781,51.21073192,168.2811183,146.6881742,raise_right_leg
16,96.75814631,99.46737885,172.0281717,179.904598,117.603496,88.73731325,166.4874848,173.6207163,raise_right_leg
17,97.39343319,103.4307513,175.1612581,175.297089,169.7228739,88.40947863,109.3234348,169.2886999,raise_right_leg
18,100.4126282,102.3826847,171.6926602,173.5490478,114.6149203,87.71967806,166.0842196,177.344721,raise_right_leg
19,99.62645888,114.172053,168.7694567,166.993688,145.6542622,100.2205225,107.0094163,176.9482516,raise_right_leg
20,93.72292165,114.7066576,170.8063092,165.1691671,153.2580764,102.5579708,101.0246121,176.701993,raise_right_leg
21,94.0310385,115.6150754,172.3497768,163.0992472,141.6156067,101.0166014,117.9668095,177.6268991,raise_right_leg
22,94.72577022,111.4622127,174.3074701,163.6979332,142.514716,99.88786304,117.4204255,178.8683293,raise_right_leg
23,98.08066872,113.0182764,174.6827268,163.2229797,142.3243591,99.10309028,116.998138,178.6560695,raise_right_leg
24,95.60960319,116.687377,177.1141171,164.8757899,141.5080444,100.3043403,117.4736912,179.9301321,raise_right_leg
25,97.64712392,117.8390488,176.0101171,168.7495748,139.2864735,102.3851686,118.3280305,177.4145813,raise_right_leg
26,77.69601819,92.96767363,173.3025692,174.395466,144.4909172,98.35285938,80.94061282,178.4914851,raise_right_leg
27,81.67905217,96.56442369,178.8227089,174.023793,142.9518941,97.00079104,79.12722758,176.6988572,raise_right_leg
28,80.38711612,98.96387456,170.1405072,175.1551617,157.6806619,98.38090317,78.11589423,169.5376778,raise_right_leg
29,80.7690249,100.1798333,170.5317309,173.6105107,157.4485938,100.0634572,77.65202075,174.0885459,raise_right_leg
30,65.31032673,90.95470661,176.7695846,178.2773432,126.7518242,97.76186211,114.8551525,172.3377739,raise_right_leg
31,69.57998282,99.07769079,177.8920674,174.3217353,123.2299163,95.82054813,88.34662649,174.5884749,raise_right_leg
32,103.7919651,97.12809888,178.2272419,177.9628923,136.934998,91.82598411,101.2335242,168.0514395,raise_right_leg
33,99.48492267,96.84996271,178.9271004,177.9714483,143.7821634,87.96008791,95.97718718,169.9907636,raise_right_leg
34,100.0705571,99.27526432,178.6044485,176.6765931,142.8089694,86.20379793,98.53433805,170.1592037,raise_right_leg
35,99.39842454,106.844516,177.96482,177.1853582,137.011113,87.12008928,96.53416718,174.4413276,raise_right_leg
36,98.70198421,104.1720846,177.9407965,176.0177131,128.2032123,90.2223275,122.0600377,169.3969717,raise_right_leg
37,96.9096706,100.4638527,170.6878483,171.1273943,153.0907546,90.23910986,102.3145101,175.6043751,raise_right_leg
38,102.6502225,102.1603668,178.4059742,168.7122075,150.5553233,88.73585701,133.7663561,173.8950589,raise_right_leg
39,106.3755984,106.3341083,172.5562093,171.4140463,156.8947835,70.22809114,121.3938285,166.884234,raise_right_leg
40,97.20873237,104.7287982,175.2309873,176.6529965,132.4280781,50.21073192,167.2811183,145.6881742,raise_right_leg
41,95.75814631,98.46737885,171.0281717,178.904598,116.603496,87.73731325,165.4874848,172.6207163,raise_right_leg
42,96.39343319,102.4307513,174.1612581,174.297089,168.7228739,87.40947863,108.3234348,168.2886999,raise_right_leg
43,99.41262821,101.3826847,170.6926602,172.5490478,113.6149203,86.71967806,165.0842196,176.344721,raise_right_leg
44,98.62645888,113.172053,167.7694567,165.993688,144.6542622,99.2205225,106.0094163,175.9482516,raise_right_leg
45,92.72292165,113.7066576,169.8063092,164.1691671,152.2580764,101.5579708,100.0246121,175.701993,raise_right_leg
46,93.0310385,114.6150754,171.3497768,162.0992472,140.6156067,100.0166014,116.9668095,176.6268991,raise_right_leg
47,93.72577022,110.4622127,173.3074701,162.6979332,141.514716,98.88786304,116.4204255,177.8683293,raise_right_leg
48,97.08066872,112.0182764,173.6827268,162.2229797,141.3243591,98.10309028,115.998138,177.6560695,raise_right_leg
49,94.60960319,115.687377,176.1141171,163.8757899,140.5080444,99.30434026,116.4736912,178.9301321,raise_right_leg
50,96.64712392,116.8390488,175.0101171,167.7495748,138.2864735,101.3851686,117.3280305,176.4145813,raise_right_leg
1,93.96767363,78.69601819,175.395466,174.3025692,99.35285938,145.4909172,179.4914851,81.94061282,raise_left_leg
2,97.56442369,82.67905217,175.023793,179.8227089,98.00079104,143.9518941,177.6988572,80.12722758,raise_left_leg
3,99.96387456,81.38711612,176.1551617,171.1405072,99.38090317,158.6806619,170.5376778,79.11589423,raise_left_leg
4,101.1798333,81.7690249,174.6105107,171.5317309,101.0634572,158.4485938,175.0885459,78.65202075,raise_left_leg
5,91.95470661,66.31032673,179.2773432,177.7695846,98.76186211,127.7518242,173.3377739,115.8551525,raise_left_leg
6,100.0776908,70.57998282,175.3217353,178.8920674,96.82054813,124.2299163,175.5884749,89.34662649,raise_left_leg
7,98.12809888,104.7919651,178.9628923,179.2272419,92.82598411,137.934998,169.0514395,102.2335242,raise_left_leg
8,97.84996271,100.4849227,178.9714483,179.9271004,88.96008791,144.7821634,170.9907636,96.97718718,raise_left_leg
9,100.2752643,101.0705571,177.6765931,179.6044485,87.20379793,143.8089694,171.1592037,99.53433805,raise_left_leg
10,107.844516,100.3984245,178.1853582,178.96482,88.12008928,138.011113,175.4413276,97.53416718,raise_left_leg
11,105.1720846,99.70198421,177.0177131,178.9407965,91.2223275,129.2032123,170.3969717,123.0600377,raise_left_leg
12,101.4638527,97.9096706,172.1273943,171.6878483,91.23910986,154.0907546,176.6043751,103.3145101,raise_left_leg
13,103.1603668,103.6502225,169.7122075,179.4059742,89.73585701,151.5553233,174.8950589,134.7663561,raise_left_leg
14,107.3341083,107.3755984,172.4140463,173.5562093,71.22809114,157.8947835,167.884234,122.3938285,raise_left_leg
15,105.7287982,98.20873237,177.6529965,176.2309873,51.21073192,133.4280781,146.6881742,168.2811183,raise_left_leg
16,99.46737885,96.75814631,179.904598,172.0281717,88.73731325,117.603496,173.6207163,166.4874848,raise_left_leg
17,103.4307513,97.39343319,175.297089,175.1612581,88.40947863,169.7228739,169.2886999,109.3234348,raise_left_leg
18,102.3826847,100.4126282,173.5490478,171.6926602,87.71967806,114.6149203,177.344721,166.0842196,raise_left_leg
19,114.172053,99.62645888,166.993688,168.7694567,100.2205225,145.6542622,176.9482516,107.0094163,raise_left_leg
20,114.7066576,93.72292165,165.1691671,170.8063092,102.5579708,153.2580764,176.701993,101.0246121,raise_left_leg
21,115.6150754,94.0310385,163.0992472,172.3497768,101.0166014,141.6156067,177.6268991,117.9668095,raise_left_leg
22,111.4622127,94.72577022,163.6979332,174.3074701,99.88786304,142.514716,178.8683293,117.4204255,raise_left_leg
23,113.0182764,98.08066872,163.2229797,174.6827268,99.10309028,142.3243591,178.6560695,116.998138,raise_left_leg
24,116.687377,95.60960319,164.8757899,177.1141171,100.3043403,141.5080444,179.9301321,117.4736912,raise_left_leg
25,117.8390488,97.64712392,168.7495748,176.0101171,102.3851686,139.2864735,177.4145813,118.3280305,raise_left_leg
26,94.96767363,79.69601819,176.395466,175.3025692,100.3528594,146.4909172,180.4914851,82.94061282,raise_left_leg
27,98.56442369,83.67905217,176.023793,180.8227089,99.00079104,144.9518941,178.6988572,81.12722758,raise_left_leg
28,100.9638746,82.38711612,177.1551617,172.1405072,100.3809032,159.6806619,171.5376778,80.11589423,raise_left_leg
29,102.1798333,82.7690249,175.6105107,172.5317309,102.0634572,159.4485938,176.0885459,79.65202075,raise_left_leg
30,92.95470661,67.31032673,180.2773432,178.7695846,99.76186211,128.7518242,174.3377739,116.8551525,raise_left_leg
31,101.0776908,71.57998282,176.3217353,179.8920674,97.82054813,125.2299163,176.5884749,90.34662649,raise_left_leg
32,99.12809888,105.7919651,179.9628923,180.2272419,93.82598411,138.934998,170.0514395,103.2335242,raise_left_leg
33,98.84996271,101.4849227,179.9714483,180.9271004,89.96008791,145.7821634,171.9907636,97.97718718,raise_left_leg
34,101.2752643,102.0705571,178.6765931,180.6044485,88.20379793,144.8089694,172.1592037,100.534338,raise_left_leg
35,108.844516,101.3984245,179.1853582,179.96482,89.12008928,139.011113,176.4413276,98.53416718,raise_left_leg
36,106.1720846,100.7019842,178.0177131,179.9407965,92.2223275,130.2032123,171.3969717,124.0600377,raise_left_leg
37,102.4638527,98.9096706,173.1273943,172.6878483,92.23910986,155.0907546,177.6043751,104.3145101,raise_left_leg
38,104.1603668,104.6502225,170.7122075,180.4059742,90.73585701,152.5553233,175.8950589,135.7663561,raise_left_leg
39,108.3341083,108.3755984,173.4140463,174.5562093,72.22809114,158.8947835,168.884234,123.3938285,raise_left_leg
40,106.7287982,99.20873237,178.6529965,177.2309873,52.21073192,134.4280781,147.6881742,169.2811183,raise_left_leg
41,100.4673788,97.75814631,180.904598,173.0281717,89.73731325,118.603496,174.6207163,167.4874848,raise_left_leg
42,104.4307513,98.39343319,176.297089,176.1612581,89.40947863,170.7228739,170.2886999,110.3234348,raise_left_leg
43,103.3826847,101.4126282,174.5490478,172.6926602,88.71967806,115.6149203,178.344721,167.0842196,raise_left_leg
44,115.172053,100.6264589,167.993688,169.7694567,101.2205225,146.6542622,177.9482516,108.0094163,raise_left_leg
45,115.7066576,94.72292165,166.1691671,171.8063092,103.5579708,154.2580764,177.701993,102.0246121,raise_left_leg
46,116.6150754,95.0310385,164.0992472,173.3497768,102.0166014,142.6156067,178.6268991,118.9668095,raise_left_leg
47,112.4622127,95.72577022,164.6979332,175.3074701,100.887863,143.514716,179.8683293,118.4204255,raise_left_leg
48,114.0182764,99.08066872,164.2229797,175.6827268,100.1030903,143.3243591,179.6560695,117.998138,raise_left_leg
49,117.687377,96.60960319,165.8757899,178.1141171,101.3043403,142.5080444,180.9301321,118.4736912,raise_left_leg
50,118.8390488,98.64712392,169.7495748,177.0101171,103.3851686,140.2864735,178.4145813,119.3280305,raise_left_leg
1,52.59615961,53.8385335,107.2393491,104.6243456,134.5960661,123.6778166,173.4462242,124.3284764,side_stretch_left_leg
2,55.61515607,53.19699527,105.4476104,106.81059,125.1153138,128.2066727,172.9876473,128.6090167,side_stretch_left_leg
3,42.09934842,42.93414079,118.4240761,112.2517391,115.0249914,113.7310146,169.6403322,153.4569203,side_stretch_left_leg
4,42.18221592,39.90911684,115.8394943,111.4586822,129.1401606,144.2752975,172.3531002,116.0067452,side_stretch_left_leg
5,31.68983275,44.45499394,139.7494481,117.1730567,126.6355013,121.3352261,173.5482238,137.2944439,side_stretch_left_leg
6,30.89618193,20.65891006,144.8154882,170.1020706,125.2770735,123.3936077,175.0418469,137.5197949,side_stretch_left_leg
7,51.41751795,40.64921715,108.5447229,105.9663333,135.0953472,110.405914,176.258497,140.8914765,side_stretch_left_leg
8,47.86778557,44.63107287,109.9586386,101.9995161,134.6670749,114.5720934,176.6332263,138.982598,side_stretch_left_leg
9,53.41504387,49.89808995,98.00654181,102.7007218,139.6117459,110.0820479,176.6520729,151.5293923,side_stretch_left_leg
10,44.0819133,41.96425293,110.5401981,107.0210299,133.2150926,115.898998,179.0876233,139.5389084,side_stretch_left_leg
11,57.34793813,48.26941208,89.8249261,94.03057349,126.8574512,125.7919028,164.2977536,146.6681125,side_stretch_left_leg
12,57.00935573,56.25633905,86.40751925,84.18192556,140.6065454,131.470886,167.6198257,141.773194,side_stretch_left_leg
13,55.77870985,52.69908298,86.99605224,91.15873013,126.0367249,114.1476997,165.7224851,157.9102059,side_stretch_left_leg
14,46.4129296,61.21065045,99.11950347,82.07003179,118.8080208,100.937197,160.4367911,174.0076447,side_stretch_left_leg
15,56.22772912,53.05918799,95.77268723,87.81880314,120.2620316,115.2948816,165.8518957,162.5577407,side_stretch_left_leg
16,24.71673219,11.39970063,177.8073578,176.2262261,133.7286117,92.84532187,44.14835346,124.6860902,side_stretch_left_leg
17,20.11660977,24.90623987,172.9257153,158.9768165,96.8224143,122.5125112,44.90687184,140.4619756,side_stretch_left_leg
18,57.88662298,35.34117093,165.4619821,129.1992821,109.4395868,136.4630739,175.452002,135.6322876,side_stretch_left_leg
19,56.43725622,61.9812462,94.8678394,96.8659956,140.5893257,119.4864058,174.4956026,139.7193237,side_stretch_left_leg
20,52.33824914,48.93796939,108.9212815,111.0910482,114.8116107,121.3557817,166.2901679,150.0680327,side_stretch_left_leg
21,50.78899235,51.14436372,118.6953985,109.6984067,115.3191588,120.6109616,167.4837009,146.0326713,side_stretch_left_leg
22,46.93394698,43.2970114,123.1496781,121.5874817,118.7179009,119.7260814,168.7752868,143.4622891,side_stretch_left_leg
23,45.58179661,42.83137565,125.7063454,120.8755291,117.1106947,119.8609846,167.6020963,146.0869069,side_stretch_left_leg
24,44.88207287,47.30828044,113.5962746,103.5097384,116.312109,122.5754205,167.1734107,140.0753618,side_stretch_left_leg
25,64.60566266,40.2320425,92.8241937,126.4104083,111.9494033,132.7971693,170.0305281,131.61599,side_stretch_left_leg
26,49.02136047,50.88174977,115.8723808,106.2138127,117.3003203,127.0265287,171.2960334,137.699707,side_stretch_left_leg
27,45.63458977,45.757224,100.2320987,101.7161317,137.3289556,141.9856108,174.8112044,105.0745697,side_stretch_left_leg
28,54.11630786,47.39543196,86.9544866,100.0137584,120.7372053,148.873441,176.1955392,117.9586037,side_stretch_left_leg
29,59.90108132,76.31720055,83.27527859,82.86343953,138.2744806,132.2040607,175.1354856,124.6376825,side_stretch_left_leg
30,50.855347,66.65444372,83.29787339,70.33049887,137.3688699,135.2875033,176.0560808,154.3251008,side_stretch_left_leg
31,56.80384643,63.01612139,94.51536882,98.02339985,126.3788319,137.2777507,170.4930679,125.7209818,side_stretch_left_leg
32,54.46171426,45.64431261,84.17824028,105.7059251,140.3644747,148.0070887,179.8673057,79.14358665,side_stretch_left_leg
33,50.88774761,50.01311376,83.59181346,98.13010235,136.2681878,146.3979634,175.993335,79.54439265,side_stretch_left_leg
34,55.86245022,63.15932483,96.31596771,91.68850225,132.3794894,107.9873836,179.5529514,148.5409266,side_stretch_left_leg
35,54.88511336,47.60635682,77.89434397,102.1309658,140.4068417,152.1935894,176.4314376,86.52667646,side_stretch_left_leg
36,50.31454567,44.89181323,81.34666306,99.54313141,135.672858,147.1854856,178.3426897,88.29957281,side_stretch_left_leg
37,49.7679058,44.89620341,84.83739618,103.7251945,137.0228909,150.0855365,179.7452198,88.15956124,side_stretch_left_leg
38,47.15589157,47.66480757,91.0722557,100.4847566,140.4192586,145.0226035,179.9461932,90.50960595,side_stretch_left_leg
39,54.45674315,49.0048638,81.79435489,99.50766683,135.6954466,146.2195218,179.3192362,95.82048024,side_stretch_left_leg
40,53.21278019,46.93954741,82.82275415,101.8497255,137.9863004,145.2895568,178.4873746,91.19744459,side_stretch_left_leg
41,59.37000152,63.8308726,82.09576683,83.56934131,158.0088701,143.9552931,178.4816722,108.7961874,side_stretch_left_leg
42,52.77918933,52.44642268,97.80594394,106.5357222,130.9466329,139.9082407,176.6035166,115.0375021,side_stretch_left_leg
43,49.48959048,48.48549456,107.4459735,106.4759272,137.4463857,147.0992839,176.2259345,104.5651304,side_stretch_left_leg
44,49.93830204,50.29082489,98.2050701,108.2961299,145.0352609,153.4319558,172.0758629,83.62126579,side_stretch_left_leg
45,53.94972362,48.40019288,99.63033707,111.5359862,141.4156227,146.0835073,177.8411003,94.2277777,side_stretch_left_leg
46,48.44450211,50.17032673,105.5529734,108.6891675,142.5536264,154.5724594,178.0774624,79.71976427,side_stretch_left_leg
47,61.67148401,76.14075787,75.13870153,78.08035173,139.8780976,131.145182,174.2316021,117.2101681,side_stretch_left_leg
48,71.73691156,83.03637621,64.31660166,69.51923256,139.1389884,129.3641779,173.3583017,126.5089069,side_stretch_left_leg
49,51.75655982,81.93150988,83.30180902,80.49938054,124.2453313,128.9561688,171.789592,128.1418349,side_stretch_left_leg
50,59.75528649,60.9589314,92.93469621,91.07298857,132.7330075,131.5946843,175.371154,125.6836562,side_stretch_left_leg
51,45.89774165,46.32439221,106.9012024,117.0064583,142.0996305,126.740562,166.3072226,145.8244415,side_stretch_left_leg
52,61.68628835,64.12074652,86.3359764,87.29264508,133.8714229,138.5195132,175.7810021,107.9514932,side_stretch_left_leg
53,56.07148963,54.74966683,94.05907322,112.6981369,130.8818783,127.6506936,175.9031384,133.0379172,side_stretch_left_leg
54,50.70176268,54.16650725,107.9406415,99.83316023,135.1473212,127.3094094,179.9183563,135.1676269,side_stretch_left_leg
55,53.90816783,57.66794344,102.7545377,97.42728775,142.2191139,134.1053925,179.8377086,114.4965432,side_stretch_left_leg
56,55.14425665,58.80955296,99.37380307,96.39661298,143.8446522,137.2005436,178.632575,109.4772772,side_stretch_left_leg
57,60.77070015,59.39374062,87.06142245,99.4780693,149.8143862,148.5829124,168.3190485,94.61849349,side_stretch_left_leg
58,52.36911828,45.28184398,82.03429688,99.46682589,148.8557928,164.754765,173.7370783,78.69006753,side_stretch_left_leg
59,56.16271911,57.95051829,75.75682008,90.87690774,147.2214595,174.4267711,177.4710516,76.2123914,side_stretch_left_leg
60,53.29285537,22.27357954,89.77816164,145.057773,121.0185274,136.0618155,169.1192333,134.0851435,side_stretch_left_leg
61,51.49362772,46.15152757,95.46660029,103.5920353,123.5522228,119.5248478,168.7424825,150.9426306,side_stretch_left_leg
62,47.76589117,45.82177734,103.2769184,115.6033271,126.834091,104.1834417,175.8439362,131.4302971,side_stretch_left_leg
63,59.75959898,56.64256644,86.6112118,100.1347889,132.2769997,129.261297,170.6699898,118.929521,side_stretch_left_leg
64,57.14471475,59.27272592,85.77341176,90.24684482,123.491813,113.6293777,165.2004732,140.0545919,side_stretch_left_leg
65,58.30389405,55.71123038,87.77603876,97.34507359,129.9761733,125.5147295,168.4644467,116.3184407,side_stretch_left_leg
66,54.94153123,65.52861466,82.7674915,84.00780877,128.0503553,118.1882358,162.8031231,142.3415589,side_stretch_left_leg
67,47.3127794,41.1670743,100.79764,117.8808656,120.8149929,131.4717589,166.1020846,122.1507763,side_stretch_left_leg
68,48.1442855,41.08462604,97.40408534,115.4549812,124.7336411,131.9535657,167.8858585,122.6971145,side_stretch_left_leg
69,61.24055848,61.32955725,75.97381019,88.92059815,123.5218711,102.673584,170.9133332,161.3276302,side_stretch_left_leg
70,47.83598485,53.76700359,91.48817525,118.7371388,147.0481362,164.4486325,179.1765521,70.42548054,side_stretch_left_leg
71,54.96102794,53.99477024,94.51610191,99.23383752,135.6353789,130.6891188,175.7822825,150.438702,side_stretch_left_leg
72,60.65881974,73.64298082,99.9065092,89.21756215,142.7695246,147.4199426,173.7045857,130.6437079,side_stretch_left_leg
73,58.95546541,64.84223352,86.19992922,88.16060654,138.4681303,148.2359396,177.6624505,130.7239345,side_stretch_left_leg
74,66.28977221,72.11803566,86.4738241,82.76461056,140.943138,158.1985905,174.2892974,122.9052429,side_stretch_left_leg
75,48.24845051,44.90029747,98.81363137,119.3170427,127.1666475,105.729966,176.8219377,130.2073438,side_stretch_left_leg
76,48.42490128,45.64582395,100.5834977,116.7786671,126.0238001,109.4389829,179.2351372,129.5417329,side_stretch_left_leg
1,53.8385335,52.59615961,104.6243456,107.2393491,123.6778166,134.5960661,124.3284764,173.4462242,side_stretch_right_leg
2,53.19699527,55.61515607,106.81059,105.4476104,128.2066727,125.1153138,128.6090167,172.9876473,side_stretch_right_leg
3,42.93414079,42.09934842,112.2517391,118.4240761,113.7310146,115.0249914,153.4569203,169.6403322,side_stretch_right_leg
4,39.90911684,42.18221592,111.4586822,115.8394943,144.2752975,129.1401606,116.0067452,172.3531002,side_stretch_right_leg
5,44.45499394,31.68983275,117.1730567,139.7494481,121.3352261,126.6355013,137.2944439,173.5482238,side_stretch_right_leg
6,20.65891006,30.89618193,170.1020706,144.8154882,123.3936077,125.2770735,137.5197949,175.0418469,side_stretch_right_leg
7,40.64921715,51.41751795,105.9663333,108.5447229,110.405914,135.0953472,140.8914765,176.258497,side_stretch_right_leg
8,44.63107287,47.86778557,101.9995161,109.9586386,114.5720934,134.6670749,138.982598,176.6332263,side_stretch_right_leg
9,49.89808995,53.41504387,102.7007218,98.00654181,110.0820479,139.6117459,151.5293923,176.6520729,side_stretch_right_leg
10,41.96425293,44.0819133,107.0210299,110.5401981,115.898998,133.2150926,139.5389084,179.0876233,side_stretch_right_leg
11,48.26941208,57.34793813,94.03057349,89.8249261,125.7919028,126.8574512,146.6681125,164.2977536,side_stretch_right_leg
12,56.25633905,57.00935573,84.18192556,86.40751925,131.470886,140.6065454,141.773194,167.6198257,side_stretch_right_leg
13,52.69908298,55.77870985,91.15873013,86.99605224,114.1476997,126.0367249,157.9102059,165.7224851,side_stretch_right_leg
14,61.21065045,46.4129296,82.07003179,99.11950347,100.937197,118.8080208,174.0076447,160.4367911,side_stretch_right_leg
15,53.05918799,56.22772912,87.81880314,95.77268723,115.2948816,120.2620316,162.5577407,165.8518957,side_stretch_right_leg
16,11.39970063,24.71673219,176.2262261,177.8073578,92.84532187,133.7286117,124.6860902,44.14835346,side_stretch_right_leg
17,24.90623987,20.11660977,158.9768165,172.9257153,122.5125112,96.8224143,140.4619756,44.90687184,side_stretch_right_leg
18,35.34117093,57.88662298,129.1992821,165.4619821,136.4630739,109.4395868,135.6322876,175.452002,side_stretch_right_leg
19,61.9812462,56.43725622,96.8659956,94.8678394,119.4864058,140.5893257,139.7193237,174.4956026,side_stretch_right_leg
20,48.93796939,52.33824914,111.0910482,108.9212815,121.3557817,114.8116107,150.0680327,166.2901679,side_stretch_right_leg
21,51.14436372,50.78899235,109.6984067,118.6953985,120.6109616,115.3191588,146.0326713,167.4837009,side_stretch_right_leg
22,43.2970114,46.93394698,121.5874817,123.1496781,119.7260814,118.7179009,143.4622891,168.7752868,side_stretch_right_leg
23,42.83137565,45.58179661,120.8755291,125.7063454,119.8609846,117.1106947,146.0869069,167.6020963,side_stretch_right_leg
24,47.30828044,44.88207287,103.5097384,113.5962746,122.5754205,116.312109,140.0753618,167.1734107,side_stretch_right_leg
25,40.2320425,64.60566266,126.4104083,92.8241937,132.7971693,111.9494033,131.61599,170.0305281,side_stretch_right_leg
26,50.88174977,49.02136047,106.2138127,115.8723808,127.0265287,117.3003203,137.699707,171.2960334,side_stretch_right_leg
27,45.757224,45.63458977,101.7161317,100.2320987,141.9856108,137.3289556,105.0745697,174.8112044,side_stretch_right_leg
28,47.39543196,54.11630786,100.0137584,86.9544866,148.873441,120.7372053,117.9586037,176.1955392,side_stretch_right_leg
29,76.31720055,59.90108132,82.86343953,83.27527859,132.2040607,138.2744806,124.6376825,175.1354856,side_stretch_right_leg
30,66.65444372,50.855347,70.33049887,83.29787339,135.2875033,137.3688699,154.3251008,176.0560808,side_stretch_right_leg
31,63.01612139,56.80384643,98.02339985,94.51536882,137.2777507,126.3788319,125.7209818,170.4930679,side_stretch_right_leg
32,45.64431261,54.46171426,105.7059251,84.17824028,148.0070887,140.3644747,79.14358665,179.8673057,side_stretch_right_leg
33,50.01311376,50.88774761,98.13010235,83.59181346,146.3979634,136.2681878,79.54439265,175.993335,side_stretch_right_leg
34,63.15932483,55.86245022,91.68850225,96.31596771,107.9873836,132.3794894,148.5409266,179.5529514,side_stretch_right_leg
35,47.60635682,54.88511336,102.1309658,77.89434397,152.1935894,140.4068417,86.52667646,176.4314376,side_stretch_right_leg
36,44.89181323,50.31454567,99.54313141,81.34666306,147.1854856,135.672858,88.29957281,178.3426897,side_stretch_right_leg
37,44.89620341,49.7679058,103.7251945,84.83739618,150.0855365,137.0228909,88.15956124,179.7452198,side_stretch_right_leg
38,47.66480757,47.15589157,100.4847566,91.0722557,145.0226035,140.4192586,90.50960595,179.9461932,side_stretch_right_leg
39,49.0048638,54.45674315,99.50766683,81.79435489,146.2195218,135.6954466,95.82048024,179.3192362,side_stretch_right_leg
40,46.93954741,53.21278019,101.8497255,82.82275415,145.2895568,137.9863004,91.19744459,178.4873746,side_stretch_right_leg
41,63.8308726,59.37000152,83.56934131,82.09576683,143.9552931,158.0088701,108.7961874,178.4816722,side_stretch_right_leg
42,52.44642268,52.77918933,106.5357222,97.80594394,139.9082407,130.9466329,115.0375021,176.6035166,side_stretch_right_leg
43,48.48549456,49.48959048,106.4759272,107.4459735,147.0992839,137.4463857,104.5651304,176.2259345,side_stretch_right_leg
44,50.29082489,49.93830204,108.2961299,98.2050701,153.4319558,145.0352609,83.62126579,172.0758629,side_stretch_right_leg
45,48.40019288,53.94972362,111.5359862,99.63033707,146.0835073,141.4156227,94.2277777,177.8411003,side_stretch_right_leg
46,50.17032673,48.44450211,108.6891675,105.5529734,154.5724594,142.5536264,79.71976427,178.0774624,side_stretch_right_leg
47,76.14075787,61.67148401,78.08035173,75.13870153,131.145182,139.8780976,117.2101681,174.2316021,side_stretch_right_leg
48,83.03637621,71.73691156,69.51923256,64.31660166,129.3641779,139.1389884,126.5089069,173.3583017,side_stretch_right_leg
49,81.93150988,51.75655982,80.49938054,83.30180902,128.9561688,124.2453313,128.1418349,171.789592,side_stretch_right_leg
50,60.9589314,59.75528649,91.07298857,92.93469621,131.5946843,132.7330075,125.6836562,175.371154,side_stretch_right_leg
51,46.32439221,45.89774165,117.0064583,106.9012024,126.740562,142.0996305,145.8244415,166.3072226,side_stretch_right_leg
52,64.12074652,61.68628835,87.29264508,86.3359764,138.5195132,133.8714229,107.9514932,175.7810021,side_stretch_right_leg
53,54.74966683,56.07148963,112.6981369,94.05907322,127.6506936,130.8818783,133.0379172,175.9031384,side_stretch_right_leg
54,54.16650725,50.70176268,99.83316023,107.9406415,127.3094094,135.1473212,135.1676269,179.9183563,side_stretch_right_leg
55,57.66794344,53.90816783,97.42728775,102.7545377,134.1053925,142.2191139,114.4965432,179.8377086,side_stretch_right_leg
56,58.80955296,55.14425665,96.39661298,99.37380307,137.2005436,143.8446522,109.4772772,178.632575,side_stretch_right_leg
57,59.39374062,60.77070015,99.4780693,87.06142245,148.5829124,149.8143862,94.61849349,168.3190485,side_stretch_right_leg
58,45.28184398,52.36911828,99.46682589,82.03429688,164.754765,148.8557928,78.69006753,173.7370783,side_stretch_right_leg
59,57.95051829,56.16271911,90.87690774,75.75682008,174.4267711,147.2214595,76.2123914,177.4710516,side_stretch_right_leg
60,22.27357954,53.29285537,145.057773,89.77816164,136.0618155,121.0185274,134.0851435,169.1192333,side_stretch_right_leg
61,46.15152757,51.49362772,103.5920353,95.46660029,119.5248478,123.5522228,150.9426306,168.7424825,side_stretch_right_leg
62,45.82177734,47.76589117,115.6033271,103.2769184,104.1834417,126.834091,131.4302971,175.8439362,side_stretch_right_leg
63,56.64256644,59.75959898,100.1347889,86.6112118,129.261297,132.2769997,118.929521,170.6699898,side_stretch_right_leg
64,59.27272592,57.14471475,90.24684482,85.77341176,113.6293777,123.491813,140.0545919,165.2004732,side_stretch_right_leg
65,55.71123038,58.30389405,97.34507359,87.77603876,125.5147295,129.9761733,116.3184407,168.4644467,side_stretch_right_leg
66,65.52861466,54.94153123,84.00780877,82.7674915,118.1882358,128.0503553,142.3415589,162.8031231,side_stretch_right_leg
67,41.1670743,47.3127794,117.8808656,100.79764,131.4717589,120.8149929,122.1507763,166.1020846,side_stretch_right_leg
68,41.08462604,48.1442855,115.4549812,97.40408534,131.9535657,124.7336411,122.6971145,167.8858585,side_stretch_right_leg
69,61.32955725,61.24055848,88.92059815,75.97381019,102.673584,123.5218711,161.3276302,170.9133332,side_stretch_right_leg
70,53.76700359,47.83598485,118.7371388,91.48817525,164.4486325,147.0481362,70.42548054,179.1765521,side_stretch_right_leg
71,53.99477024,54.96102794,99.23383752,94.51610191,130.6891188,135.6353789,150.438702,175.7822825,side_stretch_right_leg
72,73.64298082,60.65881974,89.21756215,99.9065092,147.4199426,142.7695246,130.6437079,173.7045857,side_stretch_right_leg
73,64.84223352,58.95546541,88.16060654,86.19992922,148.2359396,138.4681303,130.7239345,177.6624505,side_stretch_right_leg
74,72.11803566,66.28977221,82.76461056,86.4738241,158.1985905,140.943138,122.9052429,174.2892974,side_stretch_right_leg
75,44.90029747,48.24845051,119.3170427,98.81363137,105.729966,127.1666475,130.2073438,176.8219377,side_stretch_right_leg
76,45.64582395,48.42490128,116.7786671,100.5834977,109.4389829,126.0238001,129.5417329,179.2351372,side_stretch_right_leg
1,177.2331101,46.70647291,131.6627189,108.6239556,71.90776859,125.6249591,179.9803031,163.8429227,right_side_stretch
2,176.0071944,47.92780096,136.5495375,105.0947017,74.19643222,116.850658,177.0813035,176.870994,right_side_stretch
3,172.6194599,51.11246613,109.3923281,89.14463575,79.53476803,106.1490472,177.1175993,176.0260097,right_side_stretch
4,168.4374794,48.82385299,109.674778,91.42136636,76.61254717,109.5732855,179.8316826,177.7832204,right_side_stretch
5,164.7512822,35.06566849,156.939726,119.2217846,82.75864214,113.5888971,174.1757967,179.2678916,right_side_stretch
6,146.5168947,37.67579258,100.5574004,121.2843486,82.78132492,112.2394205,176.1496118,177.58457,right_side_stretch
7,172.8083082,43.83677831,148.8730182,101.2871146,87.4035846,109.4014222,169.78129,179.3024078,right_side_stretch
8,178.2287441,47.49613259,148.2648388,107.9672959,76.51875574,122.0742075,172.3693472,178.3421538,right_side_stretch
9,163.5303529,38.34709694,159.7148031,127.6735933,76.81592003,100.2479884,166.9303278,177.9133718,right_side_stretch
10,175.1440419,21.24791922,139.052693,176.6518461,82.18026988,122.832164,171.4460988,179.5492804,right_side_stretch
11,174.6419639,24.75849251,157.0744876,79.02397694,58.98666718,121.4264463,170.2133176,166.4955745,right_side_stretch
12,179.1409366,45.29410957,162.3083742,26.019262,65.4937537,115.1963571,178.0738505,173.3734829,right_side_stretch
13,171.5618287,56.05024362,138.7118312,94.20310495,41.83168836,139.3519046,168.1625031,163.8376989,right_side_stretch
14,177.5427444,48.45128929,163.7508461,63.34667755,72.31985599,107.706888,170.0073192,163.9466194,right_side_stretch
15,178.8759103,51.36784748,164.2593355,85.71864921,85.73891785,115.6438228,173.0110416,176.1933429,right_side_stretch
16,161.8059358,34.30120374,165.8726598,95.61689269,58.67553623,132.3038658,152.8374795,171.2017585,right_side_stretch
17,170.7947679,47.39118178,157.2855876,101.5633274,80.35280746,106.3422102,179.1808563,176.7582986,right_side_stretch
18,162.1624782,45.4873952,127.2743818,93.44738685,73.25515086,126.103367,172.9017682,176.88344,right_side_stretch
19,177.9241365,48.03812168,106.1717909,80.72739822,90.14881987,117.6329787,174.4790415,177.1978202,right_side_stretch
20,50.50722885,66.03478239,118.5793707,175.8026902,101.297076,122.8453484,179.0000725,100.0672936,right_side_stretch
21,167.1209992,43.94802463,119.4618848,121.3393207,92.20320799,106.9094161,172.5806409,172.4748063,right_side_stretch
22,171.8408871,52.51250049,135.5190939,100.1973272,85.64005415,123.1480256,177.02737,176.8811168,right_side_stretch
23,176.3651931,53.44319093,105.5704094,63.70649077,63.34894686,121.4885619,179.668761,175.1538528,right_side_stretch
24,164.9699519,47.34771003,156.1343989,92.33730586,78.51800865,119.4274564,172.595904,178.8977505,right_side_stretch
25,144.4957498,37.51876306,146.5783058,152.1284295,80.98679564,127.7020618,172.8877359,165.7034563,right_side_stretch
26,167.0315445,46.8072424,149.7397034,90.6973861,80.90902334,139.6106493,178.2694581,175.4107857,right_side_stretch
27,176.7328387,44.22882568,127.0406381,94.46806796,76.36082481,104.6557237,176.9616545,173.1352164,right_side_stretch
28,162.8215339,36.44611767,148.1436695,119.8671542,68.57416075,129.8224118,176.907706,178.4631393,right_side_stretch
29,176.2331101,45.70647291,130.6627189,107.6239556,70.90776859,124.6249591,178.9803031,162.8429227,right_side_stretch
30,175.0071944,46.92780096,135.5495375,104.0947017,73.19643222,115.850658,176.0813035,175.870994,right_side_stretch
31,171.6194599,50.11246613,108.3923281,88.14463575,78.53476803,105.1490472,176.1175993,175.0260097,right_side_stretch
32,167.4374794,47.82385299,108.674778,90.42136636,75.61254717,108.5732855,178.8316826,176.7832204,right_side_stretch
33,163.7512822,34.06566849,155.939726,118.2217846,81.75864214,112.5888971,173.1757967,178.2678916,right_side_stretch
34,145.5168947,36.67579258,99.55740041,120.2843486,81.78132492,111.2394205,175.1496118,176.58457,right_side_stretch
35,171.8083082,42.83677831,147.8730182,100.2871146,86.4035846,108.4014222,168.78129,178.3024078,right_side_stretch
36,177.2287441,46.49613259,147.2648388,106.9672959,75.51875574,121.0742075,171.3693472,177.3421538,right_side_stretch
37,162.5303529,37.34709694,158.7148031,126.6735933,75.81592003,99.24798843,165.9303278,176.9133718,right_side_stretch
38,174.1440419,20.24791922,138.052693,175.6518461,81.18026988,121.832164,170.4460988,178.5492804,right_side_stretch
39,173.6419639,23.75849251,156.0744876,78.02397694,57.98666718,120.4264463,169.2133176,165.4955745,right_side_stretch
40,178.1409366,44.29410957,161.3083742,25.019262,64.4937537,114.1963571,177.0738505,172.3734829,right_side_stretch
41,170.5618287,55.05024362,137.7118312,93.20310495,40.83168836,138.3519046,167.1625031,162.8376989,right_side_stretch
42,176.5427444,47.45128929,162.7508461,62.34667755,71.31985599,106.706888,169.0073192,162.9466194,right_side_stretch
43,177.8759103,50.36784748,163.2593355,84.71864921,84.73891785,114.6438228,172.0110416,175.1933429,right_side_stretch
44,160.8059358,33.30120374,164.8726598,94.61689269,57.67553623,131.3038658,151.8374795,170.2017585,right_side_stretch
45,169.7947679,46.39118178,156.2855876,100.5633274,79.35280746,105.3422102,178.1808563,175.7582986,right_side_stretch
46,161.1624782,44.4873952,126.2743818,92.44738685,72.25515086,125.103367,171.9017682,175.88344,right_side_stretch
47,176.9241365,47.03812168,105.1717909,79.72739822,89.14881987,116.6329787,173.4790415,176.1978202,right_side_stretch
48,49.50722885,65.03478239,117.5793707,174.8026902,100.297076,121.8453484,178.0000725,99.06729357,right_side_stretch
49,166.1209992,42.94802463,118.4618848,120.3393207,91.20320799,105.9094161,171.5806409,171.4748063,right_side_stretch
50,170.8408871,51.51250049,134.5190939,99.19732716,84.64005415,122.1480256,176.02737,175.8811168,right_side_stretch
51,175.3651931,52.44319093,104.5704094,62.70649077,62.34894686,120.4885619,178.668761,174.1538528,right_side_stretch
52,163.9699519,46.34771003,155.1343989,91.33730586,77.51800865,118.4274564,171.595904,177.8977505,right_side_stretch
53,143.4957498,36.51876306,145.5783058,151.1284295,79.98679564,126.7020618,171.8877359,164.7034563,right_side_stretch
54,166.0315445,45.8072424,148.7397034,89.6973861,79.90902334,138.6106493,177.2694581,174.4107857,right_side_stretch
55,175.7328387,43.22882568,126.0406381,93.46806796,75.36082481,103.6557237,175.9616545,172.1352164,right_side_stretch
56,161.8215339,35.44611767,147.1436695,118.8671542,67.57416075,128.8224118,175.907706,177.4631393,right_side_stretch
1,46.70647291,177.2331101,108.6239556,131.6627189,125.6249591,71.90776859,163.8429227,179.9803031,left_side_stretch
2,47.92780096,176.0071944,105.0947017,136.5495375,116.850658,74.19643222,176.870994,177.0813035,left_side_stretch
3,51.11246613,172.6194599,89.14463575,109.3923281,106.1490472,79.53476803,176.0260097,177.1175993,left_side_stretch
4,48.82385299,168.4374794,91.42136636,109.674778,109.5732855,76.61254717,177.7832204,179.8316826,left_side_stretch
5,35.06566849,164.7512822,119.2217846,156.939726,113.5888971,82.75864214,179.2678916,174.1757967,left_side_stretch
6,37.67579258,146.5168947,121.2843486,100.5574004,112.2394205,82.78132492,177.58457,176.1496118,left_side_stretch
7,43.83677831,172.8083082,101.2871146,148.8730182,109.4014222,87.4035846,179.3024078,169.78129,left_side_stretch
8,47.49613259,178.2287441,107.9672959,148.2648388,122.0742075,76.51875574,178.3421538,172.3693472,left_side_stretch
9,38.34709694,163.5303529,127.6735933,159.7148031,100.2479884,76.81592003,177.9133718,166.9303278,left_side_stretch
10,21.24791922,175.1440419,176.6518461,139.052693,122.832164,82.18026988,179.5492804,171.4460988,left_side_stretch
11,24.75849251,174.6419639,79.02397694,157.0744876,121.4264463,58.98666718,166.4955745,170.2133176,left_side_stretch
12,45.29410957,179.1409366,26.019262,162.3083742,115.1963571,65.4937537,173.3734829,178.0738505,left_side_stretch
13,56.05024362,171.5618287,94.20310495,138.7118312,139.3519046,41.83168836,163.8376989,168.1625031,left_side_stretch
14,48.45128929,177.5427444,63.34667755,163.7508461,107.706888,72.31985599,163.9466194,170.0073192,left_side_stretch
15,51.36784748,178.8759103,85.71864921,164.2593355,115.6438228,85.73891785,176.1933429,173.0110416,left_side_stretch
16,34.30120374,161.8059358,95.61689269,165.8726598,132.3038658,58.67553623,171.2017585,152.8374795,left_side_stretch
17,47.39118178,170.7947679,101.5633274,157.2855876,106.3422102,80.35280746,176.7582986,179.1808563,left_side_stretch
18,45.4873952,162.1624782,93.44738685,127.2743818,126.103367,73.25515086,176.88344,172.9017682,left_side_stretch
19,48.03812168,177.9241365,80.72739822,106.1717909,117.6329787,90.14881987,177.1978202,174.4790415,left_side_stretch
20,66.03478239,50.50722885,175.8026902,118.5793707,122.8453484,101.297076,100.0672936,179.0000725,left_side_stretch
21,43.94802463,167.1209992,121.3393207,119.4618848,106.9094161,92.20320799,172.4748063,172.5806409,left_side_stretch
22,52.51250049,171.8408871,100.1973272,135.5190939,123.1480256,85.64005415,176.8811168,177.02737,left_side_stretch
23,53.44319093,176.3651931,63.70649077,105.5704094,121.4885619,63.34894686,175.1538528,179.668761,left_side_stretch
24,47.34771003,164.9699519,92.33730586,156.1343989,119.4274564,78.51800865,178.8977505,172.595904,left_side_stretch
25,37.51876306,144.4957498,152.1284295,146.5783058,127.7020618,80.98679564,165.7034563,172.8877359,left_side_stretch
26,46.8072424,167.0315445,90.6973861,149.7397034,139.6106493,80.90902334,175.4107857,178.2694581,left_side_stretch
27,44.22882568,176.7328387,94.46806796,127.0406381,104.6557237,76.36082481,173.1352164,176.9616545,left_side_stretch
28,36.44611767,162.8215339,119.8671542,148.1436695,129.8224118,68.57416075,178.4631393,176.907706,left_side_stretch
29,45.70647291,176.2331101,107.6239556,130.6627189,124.6249591,70.90776859,162.8429227,178.9803031,left_side_stretch
30,46.92780096,175.0071944,104.0947017,135.5495375,115.850658,73.19643222,175.870994,176.0813035,left_side_stretch
31,50.11246613,171.6194599,88.14463575,108.3923281,105.1490472,78.53476803,175.0260097,176.1175993,left_side_stretch
32,47.82385299,167.4374794,90.42136636,108.674778,108.5732855,75.61254717,176.7832204,178.8316826,left_side_stretch
33,34.06566849,163.7512822,118.2217846,155.939726,112.5888971,81.75864214,178.2678916,173.1757967,left_side_stretch
34,36.67579258,145.5168947,120.2843486,99.55740041,111.2394205,81.78132492,176.58457,175.1496118,left_side_stretch
35,42.83677831,171.8083082,100.2871146,147.8730182,108.4014222,86.4035846,178.3024078,168.78129,left_side_stretch
36,46.49613259,177.2287441,106.9672959,147.2648388,121.0742075,75.51875574,177.3421538,171.3693472,left_side_stretch
37,37.34709694,162.5303529,126.6735933,158.7148031,99.24798843,75.81592003,176.9133718,165.9303278,left_side_stretch
38,20.24791922,174.1440419,175.6518461,138.052693,121.832164,81.18026988,178.5492804,170.4460988,left_side_stretch
39,23.75849251,173.6419639,78.02397694,156.0744876,120.4264463,57.98666718,165.4955745,169.2133176,left_side_stretch
40,44.29410957,178.1409366,25.019262,161.3083742,114.1963571,64.4937537,172.3734829,177.0738505,left_side_stretch
41,55.05024362,170.5618287,93.20310495,137.7118312,138.3519046,40.83168836,162.8376989,167.1625031,left_side_stretch
42,47.45128929,176.5427444,62.34667755,162.7508461,106.706888,71.31985599,162.9466194,169.0073192,left_side_stretch
43,50.36784748,177.8759103,84.71864921,163.2593355,114.6438228,84.73891785,175.1933429,172.0110416,left_side_stretch
44,33.30120374,160.8059358,94.61689269,164.8726598,131.3038658,57.67553623,170.2017585,151.8374795,left_side_stretch
45,46.39118178,169.7947679,100.5633274,156.2855876,105.3422102,79.35280746,175.7582986,178.1808563,left_side_stretch
46,44.4873952,161.1624782,92.44738685,126.2743818,125.103367,72.25515086,175.88344,171.9017682,left_side_stretch
47,47.03812168,176.9241365,79.72739822,105.1717909,116.6329787,89.14881987,176.1978202,173.4790415,left_side_stretch
48,65.03478239,49.50722885,174.8026902,117.5793707,121.8453484,100.297076,99.06729357,178.0000725,left_side_stretch
49,42.94802463,166.1209992,120.3393207,118.4618848,105.9094161,91.20320799,171.4748063,171.5806409,left_side_stretch
50,51.51250049,170.8408871,99.19732716,134.5190939,122.1480256,84.64005415,175.8811168,176.02737,left_side_stretch
51,52.44319093,175.3651931,62.70649077,104.5704094,120.4885619,62.34894686,174.1538528,178.668761,left_side_stretch
52,46.34771003,163.9699519,91.33730586,155.1343989,118.4274564,77.51800865,177.8977505,171.595904,left_side_stretch
53,36.51876306,143.4957498,151.1284295,145.5783058,126.7020618,79.98679564,164.7034563,171.8877359,left_side_stretch
54,45.8072424,166.0315445,89.6973861,148.7397034,138.6106493,79.90902334,174.4107857,177.2694581,left_side_stretch
55,43.22882568,175.7328387,93.46806796,126.0406381,103.6557237,75.36082481,172.1352164,175.9616545,left_side_stretch
56,35.44611767,161.8215339,118.8671542,147.1436695,128.8224118,67.57416075,177.4631393,175.907706,left_side_stretch
